Datetime,Open,High,Low,Close,Volume
2024-02-13 09:30:00,185.77,186.21,185.76,185.87,1011315
2024-02-13 09:31:00,185.91,185.94,185.1,185.18,312157
2024-02-13 09:32:00,185.185,185.26,184.94,185.06,331517
2024-02-13 09:33:00,185.04,185.07,184.63,184.725,350756
2024-02-13 09:34:00,184.71,184.84,184.63,184.68,176242
2024-02-13 09:35:00,184.65,184.86,184.45,184.49,328010
2024-02-13 09:36:00,184.49,184.63,184.27,184.59,261061
2024-02-13 09:37:00,184.61,184.84,184.5304,184.73,242073
2024-02-13 09:38:00,184.74,184.83,184.52,184.54,157755
2024-02-13 09:39:00,184.55,184.62,184.34,184.4,225326
2024-02-13 09:40:00,184.42,184.493,184.345,184.37,149716
2024-02-13 09:41:00,184.3668,184.395,184.18,184.26,238589
2024-02-13 09:42:00,184.25,184.72,184.2,184.6903,242443
2024-02-13 09:43:00,184.695,184.94,184.66,184.851,167277
2024-02-13 09:44:00,184.86,184.97,184.8301,184.905,150664
2024-02-13 09:45:00,184.9,184.98,184.76,184.9,151720
2024-02-13 09:46:00,184.89,184.98,184.785,184.85,94228
2024-02-13 09:47:00,184.845,184.8768,184.77,184.864,79364
2024-02-13 09:48:00,184.87,185.135,184.86,185.09,158959
2024-02-13 09:49:00,185.1,185.13,184.96,184.97,119688
2024-02-13 09:50:00,184.9699,185.005,184.9,184.91,95999
2024-02-13 09:51:00,184.92,184.93,184.68,184.74,118317
2024-02-13 09:52:00,184.73,184.775,184.6502,184.73,89673
2024-02-13 09:53:00,184.7299,184.99,184.7,184.955,97023
2024-02-13 09:54:00,184.986,185.24,184.986,185.23,135106
2024-02-13 09:55:00,185.24,185.24,185.07,185.114,137800
2024-02-13 09:56:00,185.1199,185.4,185.11,185.395,116687
2024-02-13 09:57:00,185.3901,185.4,185.28,185.365,98358
2024-02-13 09:58:00,185.365,185.365,185.14,185.15,90903
2024-02-13 09:59:00,185.1689,185.18,185.03,185.16,123491
2024-02-13 10:00:00,185.15,185.24,184.98,185.0,171323
2024-02-13 10:01:00,185.005,185.15,185.0,185.04,79560
2024-02-13 10:02:00,185.04,185.04,184.92,184.99,82145
2024-02-13 10:03:00,184.994,185.03,184.83,184.888,116511
2024-02-13 10:04:00,184.8909,184.9089,184.8,184.86,104488
2024-02-13 10:05:00,184.845,184.929,184.76,184.845,94947
2024-02-13 10:06:00,184.84,184.93,184.83,184.912,78146
2024-02-13 10:07:00,184.91,185.08,184.89,185.009,92810
2024-02-13 10:08:00,185.01,185.045,184.96,184.9907,79830
2024-02-13 10:09:00,184.995,185.02,184.894,184.945,73848
2024-02-13 10:10:00,184.935,185.116,184.895,185.04,88927
2024-02-13 10:11:00,185.04,185.07,184.93,185.0401,82336
2024-02-13 10:12:00,185.05,185.12,185.005,185.005,64859
2024-02-13 10:13:00,185.0,185.0362,184.88,184.94,66476
2024-02-13 10:14:00,184.945,185.05,184.93,184.985,66791
2024-02-13 10:15:00,184.985,185.0,184.85,184.97,86493
2024-02-13 10:16:00,184.97,185.1293,184.915,184.97,172729
2024-02-13 10:17:00,184.97,184.97,184.76,184.855,135781
2024-02-13 10:18:00,184.8489,185.015,184.8489,184.8918,82505
2024-02-13 10:19:00,184.9,185.03,184.82,185.0101,80503
2024-02-13 10:20:00,185.01,185.22,185.008,185.185,101032
2024-02-13 10:21:00,185.18,185.3116,185.1,185.31,87020
2024-02-13 10:22:00,185.3011,185.35,185.21,185.24,90749
2024-02-13 10:23:00,185.23,185.36,185.19,185.28,101695
2024-02-13 10:24:00,185.28,185.44,185.27,185.3,102797
2024-02-13 10:25:00,185.29,185.43,185.29,185.42,73437
2024-02-13 10:26:00,185.425,185.43,185.305,185.38,82110
2024-02-13 10:27:00,185.39,185.4479,185.35,185.37,79025
2024-02-13 10:28:00,185.36,185.41,185.28,185.32,79133
2024-02-13 10:29:00,185.33,185.48,185.33,185.4708,80876
2024-02-13 10:30:00,185.4799,185.6,185.425,185.58,104154
2024-02-13 10:31:00,185.5732,185.64,185.47,185.56,137685
2024-02-13 10:32:00,185.5699,185.5898,185.43,185.5,99002
2024-02-13 10:33:00,185.51,185.6,185.49,185.54,59360
2024-02-13 10:34:00,185.53,185.57,185.48,185.525,65096
2024-02-13 10:35:00,185.53,185.54,185.46,185.48,75665
2024-02-13 10:36:00,185.4712,185.53,185.36,185.49,110384
2024-02-13 10:37:00,185.49,185.63,185.4822,185.5101,118937
2024-02-13 10:38:00,185.525,185.62,185.5,185.6,89972
2024-02-13 10:39:00,185.6,185.78,185.54,185.7,89055
2024-02-13 10:40:00,185.7,185.7444,185.57,185.595,85551
2024-02-13 10:41:00,185.6,185.7103,185.59,185.655,66435
2024-02-13 10:42:00,185.66,185.78,185.66,185.775,88612
2024-02-13 10:43:00,185.7701,185.84,185.67,185.775,130537
2024-02-13 10:44:00,185.7775,185.89,185.74,185.84,121698
2024-02-13 10:45:00,185.83,185.895,185.77,185.87,86067
2024-02-13 10:46:00,185.8699,186.11,185.8699,186.065,149816
2024-02-13 10:47:00,186.065,186.1199,185.9,185.915,144811
2024-02-13 10:48:00,185.91,186.06,185.91,185.99,99625
2024-02-13 10:49:00,185.98,185.99,185.925,185.9762,69414
2024-02-13 10:50:00,185.97,186.06,185.79,185.84,102983
2024-02-13 10:51:00,185.84,185.92,185.7901,185.8601,81517
2024-02-13 10:52:00,185.87,186.0085,185.87,185.965,90926
2024-02-13 10:53:00,185.97,186.12,185.965,186.01,96580
2024-02-13 10:54:00,186.01,186.19,185.9999,186.185,89140
2024-02-13 10:55:00,186.18,186.18,185.975,185.98,92899
2024-02-13 10:56:00,185.98,186.05,185.92,185.98,146715
2024-02-13 10:57:00,185.99,186.05,185.8301,185.835,97847
2024-02-13 10:58:00,185.835,185.85,185.735,185.8,94776
2024-02-13 10:59:00,185.815,185.8799,185.755,185.85,59898
2024-02-13 11:00:00,185.85,185.96,185.83,185.92,76425
2024-02-13 11:01:00,185.9289,185.93,185.82,185.8744,54215
2024-02-13 11:02:00,185.88,185.8901,185.7499,185.82,57126
2024-02-13 11:03:00,185.83,185.95,185.81,185.89,100658
2024-02-13 11:04:00,185.89,186.01,185.89,185.985,89233
2024-02-13 11:05:00,185.985,186.025,185.8657,185.96,59881
2024-02-13 11:06:00,185.96,185.96,185.85,185.885,38438
2024-02-13 11:07:00,185.87,185.93,185.83,185.88,77664
2024-02-13 11:08:00,185.88,185.96,185.84,185.91,70860
2024-02-13 11:09:00,185.91,186.0,185.87,185.9001,52081
2024-02-13 11:10:00,185.9,185.97,185.83,185.85,66044
2024-02-13 11:11:00,185.85,185.94,185.81,185.93,42825
2024-02-13 11:12:00,185.93,185.93,185.835,185.84,42500
2024-02-13 11:13:00,185.84,185.89,185.825,185.8309,64028
2024-02-13 11:14:00,185.8399,185.845,185.7,185.702,67260
2024-02-13 11:15:00,185.7,185.74,185.67,185.7,55765
2024-02-13 11:16:00,185.71,185.7987,185.7,185.73,58337
2024-02-13 11:17:00,185.72,185.72,185.535,185.58,78742
2024-02-13 11:18:00,185.585,185.61,185.535,185.5531,46739
2024-02-13 11:19:00,185.56,185.5869,185.5,185.56,46285
2024-02-13 11:20:00,185.56,185.615,185.54,185.585,34261
2024-02-13 11:21:00,185.59,185.61,185.504,185.555,49026
2024-02-13 11:22:00,185.56,185.6,185.534,185.54,40039
2024-02-13 11:23:00,185.54,185.62,185.53,185.545,50027
2024-02-13 11:24:00,185.545,185.67,185.52,185.535,47802
2024-02-13 11:25:00,185.535,185.54,185.485,185.51,92458
2024-02-13 11:26:00,185.51,185.61,185.51,185.61,36968
2024-02-13 11:27:00,185.6,185.6199,185.53,185.542,33216
2024-02-13 11:28:00,185.5472,185.56,185.48,185.52,44583
2024-02-13 11:29:00,185.53,185.64,185.485,185.61,50484
2024-02-13 11:30:00,185.595,185.6,185.435,185.465,86637
2024-02-13 11:31:00,185.47,185.47,185.32,185.425,107369
2024-02-13 11:32:00,185.42,185.48,185.4,185.4,46528
2024-02-13 11:33:00,185.395,185.42,185.33,185.35,82651
2024-02-13 11:34:00,185.35,185.36,185.2701,185.295,46005
2024-02-13 11:35:00,185.295,185.428,185.28,185.41,53389
2024-02-13 11:36:00,185.415,185.63,185.415,185.62,59581
2024-02-13 11:37:00,185.62,185.67,185.565,185.565,52059
2024-02-13 11:38:00,185.565,185.62,185.55,185.575,29727
2024-02-13 11:39:00,185.58,185.6587,185.52,185.6587,43987
2024-02-13 11:40:00,185.655,185.7394,185.65,185.67,50826
2024-02-13 11:41:00,185.67,185.67,185.47,185.52,66880
2024-02-13 11:42:00,185.521,185.59,185.49,185.585,35872
2024-02-13 11:43:00,185.58,185.68,185.58,185.665,33242
2024-02-13 11:44:00,185.665,185.665,185.59,185.59,32482
2024-02-13 11:45:00,185.595,185.64,185.55,185.57,34647
2024-02-13 11:46:00,185.56,185.59,185.52,185.555,40808
2024-02-13 11:47:00,185.5501,185.66,185.5501,185.655,54488
2024-02-13 11:48:00,185.655,185.699,185.615,185.66,45729
2024-02-13 11:49:00,185.6655,185.67,185.56,185.6099,67269
2024-02-13 11:50:00,185.61,185.66,185.56,185.645,30507
2024-02-13 11:51:00,185.645,185.645,185.52,185.54,58548
2024-02-13 11:52:00,185.54,185.56,185.47,185.525,53775
2024-02-13 11:53:00,185.525,185.53,185.365,185.37,69337
2024-02-13 11:54:00,185.35,185.415,185.315,185.3737,47716
2024-02-13 11:55:00,185.375,185.4199,185.35,185.4043,34032
2024-02-13 11:56:00,185.39,185.39,185.28,185.35,50255
2024-02-13 11:57:00,185.3471,185.4389,185.34,185.42,68803
2024-02-13 11:58:00,185.4191,185.47,185.3884,185.3884,30395
2024-02-13 11:59:00,185.39,185.4199,185.37,185.41,27754
2024-02-13 12:00:00,185.41,185.445,185.33,185.38,30154
2024-02-13 12:01:00,185.37,185.4242,185.28,185.305,34089
2024-02-13 12:02:00,185.305,185.415,185.305,185.3942,30864
2024-02-13 12:03:00,185.39,185.3999,185.26,185.32,54143
2024-02-13 12:04:00,185.32,185.41,185.3127,185.385,37275
2024-02-13 12:05:00,185.38,185.43,185.353,185.41,29179
2024-02-13 12:06:00,185.41,185.4297,185.35,185.37,49583
2024-02-13 12:07:00,185.37,185.386,185.2516,185.31,52937
2024-02-13 12:08:00,185.305,185.395,185.305,185.3583,33140
2024-02-13 12:09:00,185.36,185.36,185.3,185.315,35898
2024-02-13 12:10:00,185.32,185.355,185.27,185.34,34125
2024-02-13 12:11:00,185.34,185.38,185.33,185.38,27940
2024-02-13 12:12:00,185.37,185.38,185.31,185.34,21679
2024-02-13 12:13:00,185.35,185.38,185.33,185.345,53655
2024-02-13 12:14:00,185.345,185.44,185.31,185.435,55792
2024-02-13 12:15:00,185.43,185.5599,185.4101,185.54,117515
2024-02-13 12:16:00,185.542,185.57,185.511,185.555,83408
2024-02-13 12:17:00,185.56,185.6298,185.54,185.55,61570
2024-02-13 12:18:00,185.54,185.59,185.5222,185.5614,38275
2024-02-13 12:19:00,185.56,185.585,185.525,185.555,42826
2024-02-13 12:20:00,185.555,185.6199,185.52,185.56,43904
2024-02-13 12:21:00,185.57,185.665,185.5649,185.6501,49184
2024-02-13 12:22:00,185.66,185.676,185.6325,185.665,38237
2024-02-13 12:23:00,185.6638,185.67,185.575,185.5997,53700
2024-02-13 12:24:00,185.595,185.629,185.58,185.6,46276
2024-02-13 12:25:00,185.61,185.62,185.5601,185.6,42127
2024-02-13 12:26:00,185.595,185.6271,185.47,185.51,67972
2024-02-13 12:27:00,185.51,185.5184,185.41,185.435,43060
2024-02-13 12:28:00,185.44,185.48,185.42,185.48,31364
2024-02-13 12:29:00,185.48,185.53,185.46,185.475,32609
2024-02-13 12:30:00,185.48,185.52,185.475,185.515,32284
2024-02-13 12:31:00,185.51,185.59,185.5005,185.57,37615
2024-02-13 12:32:00,185.5789,185.65,185.57,185.6418,47190
2024-02-13 12:33:00,185.64,185.69,185.61,185.65,47029
2024-02-13 12:34:00,185.6485,185.67,185.63,185.66,20702
2024-02-13 12:35:00,185.66,185.71,185.655,185.7014,39417
2024-02-13 12:36:00,185.7,185.705,185.5711,185.5803,54650
2024-02-13 12:37:00,185.58,185.655,185.53,185.65,56961
2024-02-13 12:38:00,185.655,185.685,185.61,185.62,52103
2024-02-13 12:39:00,185.615,185.67,185.595,185.66,35717
2024-02-13 12:40:00,185.67,185.6992,185.64,185.674,31410
2024-02-13 12:41:00,185.677,185.7097,185.645,185.675,28300
2024-02-13 12:42:00,185.6744,185.77,185.6744,185.745,40883
2024-02-13 12:43:00,185.745,185.77,185.731,185.77,43413
2024-02-13 12:44:00,185.77,185.77,185.691,185.71,34995
2024-02-13 12:45:00,185.72,185.73,185.67,185.68,29318
2024-02-13 12:46:00,185.69,185.7,185.625,185.64,31308
2024-02-13 12:47:00,185.63,185.7,185.6201,185.67,40460
2024-02-13 12:48:00,185.665,185.67,185.515,185.5417,48199
2024-02-13 12:49:00,185.54,185.57,185.4523,185.4523,35645
2024-02-13 12:50:00,185.45,185.49,185.425,185.455,34950
2024-02-13 12:51:00,185.451,185.55,185.451,185.55,28306
2024-02-13 12:52:00,185.55,185.56,185.41,185.41,36713
2024-02-13 12:53:00,185.4098,185.415,185.34,185.35,50992
2024-02-13 12:54:00,185.352,185.352,185.22,185.235,41118
2024-02-13 12:55:00,185.23,185.28,185.14,185.27,79158
2024-02-13 12:56:00,185.27,185.285,185.12,185.15,54142
2024-02-13 12:57:00,185.14,185.17,185.11,185.14,34000
2024-02-13 12:58:00,185.13,185.1989,185.13,185.185,61263
2024-02-13 12:59:00,185.18,185.22,185.13,185.16,46418
2024-02-13 13:00:00,185.15,185.2299,185.132,185.222,49454
2024-02-13 13:01:00,185.2299,185.265,185.195,185.26,39093
2024-02-13 13:02:00,185.25,185.3,185.185,185.195,40620
2024-02-13 13:03:00,185.19,185.27,185.18,185.24,32740
2024-02-13 13:04:00,185.2446,185.265,185.2099,185.224,42224
2024-02-13 13:05:00,185.23,185.2476,185.18,185.2476,42845
2024-02-13 13:06:00,185.245,185.31,185.214,185.27,30667
2024-02-13 13:07:00,185.27,185.3199,185.2601,185.315,22651
2024-02-13 13:08:00,185.315,185.325,185.2501,185.295,40156
2024-02-13 13:09:00,185.3,185.35,185.291,185.349,39212
2024-02-13 13:10:00,185.3456,185.369,185.25,185.27,44818
2024-02-13 13:11:00,185.26,185.285,185.225,185.285,39460
2024-02-13 13:12:00,185.2921,185.295,185.23,185.275,22507
2024-02-13 13:13:00,185.2773,185.28,185.22,185.222,33353
2024-02-13 13:14:00,185.23,185.38,185.225,185.37,48646
2024-02-13 13:15:00,185.365,185.415,185.33,185.385,46144
2024-02-13 13:16:00,185.38,185.38,185.3221,185.34,30756
2024-02-13 13:17:00,185.32,185.3267,185.24,185.295,41969
2024-02-13 13:18:00,185.29,185.405,185.29,185.395,40786
2024-02-13 13:19:00,185.39,185.395,185.315,185.375,50075
2024-02-13 13:20:00,185.37,185.375,185.29,185.32,77698
2024-02-13 13:21:00,185.31,185.38,185.285,185.375,50151
2024-02-13 13:22:00,185.3784,185.38,185.315,185.375,48800
2024-02-13 13:23:00,185.38,185.415,185.3575,185.38,33772
2024-02-13 13:24:00,185.375,185.39,185.3401,185.365,41312
2024-02-13 13:25:00,185.365,185.4,185.32,185.4,44919
2024-02-13 13:26:00,185.41,185.44,185.38,185.405,49853
2024-02-13 13:27:00,185.4,185.43,185.37,185.4117,34465
2024-02-13 13:28:00,185.415,185.415,185.3038,185.31,45738
2024-02-13 13:29:00,185.31,185.35,185.2707,185.295,37033
2024-02-13 13:30:00,185.29,185.33,185.22,185.25,56475
2024-02-13 13:31:00,185.245,185.36,185.24,185.35,56661
2024-02-13 13:32:00,185.355,185.38,185.245,185.25,62708
2024-02-13 13:33:00,185.25,185.28,185.235,185.26,38414
2024-02-13 13:34:00,185.255,185.27,185.2,185.221,47486
2024-02-13 13:35:00,185.2299,185.298,185.215,185.265,37931
2024-02-13 13:36:00,185.26,185.275,185.22,185.25,35486
2024-02-13 13:37:00,185.245,185.294,185.18,185.195,68083
2024-02-13 13:38:00,185.19,185.26,185.18,185.245,44185
2024-02-13 13:39:00,185.24,185.32,185.22,185.315,32406
2024-02-13 13:40:00,185.315,185.38,185.27,185.32,73071
2024-02-13 13:41:00,185.32,185.34,185.23,185.23,48744
2024-02-13 13:42:00,185.225,185.32,185.225,185.2688,36280
2024-02-13 13:43:00,185.265,185.27,185.19,185.2271,42175
2024-02-13 13:44:00,185.22,185.265,185.205,185.23,33529
2024-02-13 13:45:00,185.23,185.2584,185.1822,185.2236,56381
2024-02-13 13:46:00,185.225,185.27,185.1915,185.24,31804
2024-02-13 13:47:00,185.245,185.295,185.22,185.285,39183
2024-02-13 13:48:00,185.285,185.295,185.1,185.111,58028
2024-02-13 13:49:00,185.1179,185.1274,185.0399,185.08,80150
2024-02-13 13:50:00,185.07,185.09,185.04,185.0647,44780
2024-02-13 13:51:00,185.065,185.0699,184.98,185.0186,138954
2024-02-13 13:52:00,185.02,185.05,184.98,185.02,64038
2024-02-13 13:53:00,185.0244,185.08,185.02,185.04,45306
2024-02-13 13:54:00,185.045,185.057,185.0097,185.01,35849
2024-02-13 13:55:00,185.02,185.07,185.01,185.06,40689
2024-02-13 13:56:00,185.05,185.075,185.02,185.075,46385
2024-02-13 13:57:00,185.075,185.1,185.01,185.015,59274
2024-02-13 13:58:00,185.01,185.085,184.98,184.99,115926
2024-02-13 13:59:00,184.9923,185.03,184.96,185.0,40827
2024-02-13 14:00:00,184.99,184.995,184.945,184.945,29698
2024-02-13 14:01:00,184.945,184.95,184.86,184.875,72984
2024-02-13 14:02:00,184.8772,184.96,184.86,184.89,65452
2024-02-13 14:03:00,184.89,184.89,184.84,184.8502,86415
2024-02-13 14:04:00,184.845,184.855,184.74,184.775,87185
2024-02-13 14:05:00,184.78,184.795,184.68,184.705,70998
2024-02-13 14:06:00,184.7032,184.73,184.635,184.6571,87282
2024-02-13 14:07:00,184.65,184.65,184.5401,184.5401,77292
2024-02-13 14:08:00,184.5409,184.5495,184.4815,184.51,100432
2024-02-13 14:09:00,184.5199,184.55,184.47,184.4811,70402
2024-02-13 14:10:00,184.4899,184.52,184.43,184.465,69368
2024-02-13 14:11:00,184.47,184.5399,184.46,184.51,64900
2024-02-13 14:12:00,184.505,184.51,184.4,184.4,51960
2024-02-13 14:13:00,184.41,184.415,184.32,184.39,83774
2024-02-13 14:14:00,184.385,184.445,184.28,184.315,118013
2024-02-13 14:15:00,184.3117,184.3799,184.3,184.36,51136
2024-02-13 14:16:00,184.36,184.42,184.34,184.39,87022
2024-02-13 14:17:00,184.39,184.395,184.3,184.33,69243
2024-02-13 14:18:00,184.32,184.38,184.26,184.36,99072
2024-02-13 14:19:00,184.36,184.41,184.315,184.345,100671
2024-02-13 14:20:00,184.345,184.41,184.3301,184.34,79815
2024-02-13 14:21:00,184.35,184.365,184.28,184.28,57085
2024-02-13 14:22:00,184.285,184.3199,184.26,184.305,48846
2024-02-13 14:23:00,184.3,184.3,184.19,184.2687,81216
2024-02-13 14:24:00,184.26,184.3,184.229,184.27,48622
2024-02-13 14:25:00,184.2692,184.3,184.2,184.215,67149
2024-02-13 14:26:00,184.215,184.245,184.19,184.2389,61924
2024-02-13 14:27:00,184.24,184.28,184.22,184.24,70499
2024-02-13 14:28:00,184.24,184.37,184.24,184.33,47390
2024-02-13 14:29:00,184.33,184.33,184.2801,184.285,47521
2024-02-13 14:30:00,184.28,184.36,184.26,184.34,80686
2024-02-13 14:31:00,184.33,184.36,184.285,184.34,64209
2024-02-13 14:32:00,184.3486,184.4,184.32,184.4,41765
2024-02-13 14:33:00,184.4,184.4099,184.34,184.36,56216
2024-02-13 14:34:00,184.36,184.48,184.345,184.4388,69261
2024-02-13 14:35:00,184.44,184.47,184.385,184.46,105891
2024-02-13 14:36:00,184.46,184.55,184.435,184.54,109540
2024-02-13 14:37:00,184.53,184.546,184.48,184.48,63046
2024-02-13 14:38:00,184.4799,184.4971,184.43,184.435,41185
2024-02-13 14:39:00,184.44,184.55,184.44,184.5421,51035
2024-02-13 14:40:00,184.54,184.595,184.54,184.58,50349
2024-02-13 14:41:00,184.58,184.59,184.5301,184.565,37664
2024-02-13 14:42:00,184.565,184.58,184.49,184.49,45081
2024-02-13 14:43:00,184.4899,184.53,184.45,184.47,63256
2024-02-13 14:44:00,184.48,184.49,184.39,184.41,57432
2024-02-13 14:45:00,184.4,184.48,184.37,184.435,48612
2024-02-13 14:46:00,184.43,184.435,184.3,184.345,72476
2024-02-13 14:47:00,184.3499,184.355,184.25,184.28,76524
2024-02-13 14:48:00,184.2614,184.2699,184.1809,184.2,84265
2024-02-13 14:49:00,184.21,184.26,184.185,184.2,62618
2024-02-13 14:50:00,184.2,184.225,184.11,184.1183,67274
2024-02-13 14:51:00,184.1186,184.1259,184.055,184.065,74264
2024-02-13 14:52:00,184.0699,184.07,183.955,183.9699,217607
2024-02-13 14:53:00,183.96,183.96,183.87,183.9,82099
2024-02-13 14:54:00,183.89,183.9588,183.855,183.91,77062
2024-02-13 14:55:00,183.92,183.92,183.8,183.8046,101370
2024-02-13 14:56:00,183.8001,183.94,183.7925,183.93,92240
2024-02-13 14:57:00,183.93,183.97,183.86,183.865,63705
2024-02-13 14:58:00,183.865,183.9,183.85,183.869,48382
2024-02-13 14:59:00,183.86,183.88,183.801,183.8597,66863
2024-02-13 15:00:00,183.855,183.91,183.83,183.875,60162
2024-02-13 15:01:00,183.865,183.865,183.795,183.8,74433
2024-02-13 15:02:00,183.8097,183.835,183.6801,183.685,97617
2024-02-13 15:03:00,183.69,183.72,183.65,183.694,106403
2024-02-13 15:04:00,183.69,183.7,183.63,183.65,86567
2024-02-13 15:05:00,183.6424,183.73,183.63,183.7,84799
2024-02-13 15:06:00,183.7,183.76,183.69,183.705,77775
2024-02-13 15:07:00,183.7183,183.7497,183.68,183.745,97893
2024-02-13 15:08:00,183.745,183.78,183.69,183.72,77143
2024-02-13 15:09:00,183.71,183.71,183.63,183.6661,69145
2024-02-13 15:10:00,183.67,183.75,183.67,183.7201,62960
2024-02-13 15:11:00,183.72,183.78,183.7,183.74,65555
2024-02-13 15:12:00,183.74,183.77,183.72,183.73,50307
2024-02-13 15:13:00,183.7299,183.73,183.6801,183.685,63585
2024-02-13 15:14:00,183.685,183.695,183.57,183.59,91903
2024-02-13 15:15:00,183.595,183.642,183.57,183.584,81827
2024-02-13 15:16:00,183.585,183.745,183.58,183.69,102833
2024-02-13 15:17:00,183.685,183.71,183.66,183.6787,56279
2024-02-13 15:18:00,183.675,183.675,183.57,183.6099,66824
2024-02-13 15:19:00,183.61,183.655,183.6001,183.6291,62362
2024-02-13 15:20:00,183.625,183.66,183.625,183.6595,49478
2024-02-13 15:21:00,183.655,183.73,183.65,183.695,89149
2024-02-13 15:22:00,183.695,183.705,183.57,183.575,84556
2024-02-13 15:23:00,183.58,183.71,183.575,183.6406,93523
2024-02-13 15:24:00,183.645,183.66,183.585,183.6,58161
2024-02-13 15:25:00,183.61,183.64,183.57,183.59,53995
2024-02-13 15:26:00,183.6,183.6376,183.52,183.54,104176
2024-02-13 15:27:00,183.54,183.71,183.5128,183.705,79649
2024-02-13 15:28:00,183.705,183.75,183.67,183.7,87366
2024-02-13 15:29:00,183.7,183.78,183.6658,183.7299,111717
2024-02-13 15:30:00,183.725,183.85,183.69,183.82,152760
2024-02-13 15:31:00,183.825,183.94,183.82,183.905,147141
2024-02-13 15:32:00,183.905,183.91,183.83,183.842,72595
2024-02-13 15:33:00,183.845,184.02,183.8399,184.0,99459
2024-02-13 15:34:00,184.0,184.1501,183.985,184.145,117392
2024-02-13 15:35:00,184.14,184.18,184.1,184.145,86752
2024-02-13 15:36:00,184.145,184.2,184.13,184.195,125857
2024-02-13 15:37:00,184.19,184.3,184.1801,184.3,114514
2024-02-13 15:38:00,184.3013,184.31,184.15,184.155,125923
2024-02-13 15:39:00,184.155,184.155,184.075,184.08,95706
2024-02-13 15:40:00,184.08,184.26,184.065,184.25,115200
2024-02-13 15:41:00,184.245,184.3182,184.21,184.255,147619
2024-02-13 15:42:00,184.259,184.405,184.255,184.28,166404
2024-02-13 15:43:00,184.28,184.4,184.27,184.36,136621
2024-02-13 15:44:00,184.355,184.41,184.31,184.4,97424
2024-02-13 15:45:00,184.405,184.46,184.39,184.4263,101594
2024-02-13 15:46:00,184.425,184.43,184.3,184.32,169123
2024-02-13 15:47:00,184.32,184.44,184.32,184.4,127626
2024-02-13 15:48:00,184.4,184.455,184.385,184.4,101035
2024-02-13 15:49:00,184.4,184.4385,184.28,184.41,172088
2024-02-13 15:50:00,184.41,184.625,184.409,184.555,238545
2024-02-13 15:51:00,184.56,184.6476,184.49,184.515,163998
2024-02-13 15:52:00,184.52,184.68,184.5,184.6503,189549
2024-02-13 15:53:00,184.66,184.755,184.66,184.7499,159628
2024-02-13 15:54:00,184.74,184.83,184.6899,184.795,214087
2024-02-13 15:55:00,184.79,185.05,184.68,185.024,313956
2024-02-13 15:56:00,185.02,185.14,184.965,185.13,268272
2024-02-13 15:57:00,185.14,185.2,184.85,184.87,279686
2024-02-13 15:58:00,184.875,185.14,184.85,185.1,573992
2024-02-13 15:59:00,185.1,185.16,184.96,185.04,7490457
2024-02-14 09:30:00,185.32,185.53,185.2,185.27,645675
2024-02-14 09:31:00,185.24,185.41,185.02,185.16,147792
2024-02-14 09:32:00,185.14,185.2308,185.0,185.04,192831
2024-02-14 09:33:00,185.05,185.31,185.0,185.07,148686
2024-02-14 09:34:00,185.065,185.18,185.02,185.05,123157
2024-02-14 09:35:00,185.06,185.1,184.89,184.98,180690
2024-02-14 09:36:00,184.986,185.035,184.79,184.943,143461
2024-02-14 09:37:00,184.95,185.04,184.9,184.905,103347
2024-02-14 09:38:00,184.9,184.97,184.83,184.87,127042
2024-02-14 09:39:00,184.87,184.87,184.58,184.61,162389
2024-02-14 09:40:00,184.605,184.67,184.55,184.615,124508
2024-02-14 09:41:00,184.615,184.6171,184.38,184.42,186604
2024-02-14 09:42:00,184.425,184.55,184.32,184.33,204756
2024-02-14 09:43:00,184.335,184.5,184.22,184.42,198239
2024-02-14 09:44:00,184.4299,184.4482,184.2,184.25,122882
2024-02-14 09:45:00,184.27,184.4016,184.26,184.29,110841
2024-02-14 09:46:00,184.29,184.43,184.2586,184.3235,192228
2024-02-14 09:47:00,184.329,184.44,184.29,184.38,121752
2024-02-14 09:48:00,184.4,184.47,184.3297,184.3297,137276
2024-02-14 09:49:00,184.3284,184.335,184.115,184.16,145669
2024-02-14 09:50:00,184.18,184.34,184.165,184.2,174240
2024-02-14 09:51:00,184.195,184.29,184.12,184.1267,103864
2024-02-14 09:52:00,184.12,184.19,184.05,184.1,107382
2024-02-14 09:53:00,184.1,184.1198,184.02,184.03,111623
2024-02-14 09:54:00,184.024,184.064,183.91,183.9496,172213
2024-02-14 09:55:00,183.94,184.205,183.92,184.16,133740
2024-02-14 09:56:00,184.15,184.16,184.075,184.1152,78255
2024-02-14 09:57:00,184.115,184.17,184.04,184.08,74870
2024-02-14 09:58:00,184.09,184.1065,183.99,184.01,95259
2024-02-14 09:59:00,184.02,184.08,183.96,184.02,119405
2024-02-14 10:00:00,184.03,184.1816,184.03,184.09,152970
2024-02-14 10:01:00,184.09,184.155,184.02,184.035,142053
2024-02-14 10:02:00,184.03,184.035,183.6605,183.69,246082
2024-02-14 10:03:00,183.685,183.82,183.62,183.75,164706
2024-02-14 10:04:00,183.75,183.84,183.63,183.83,139666
2024-02-14 10:05:00,183.805,183.955,183.805,183.915,143895
2024-02-14 10:06:00,183.9154,183.9299,183.78,183.815,114700
2024-02-14 10:07:00,183.815,183.86,183.57,183.7,210168
2024-02-14 10:08:00,183.71,183.754,183.66,183.68,118269
2024-02-14 10:09:00,183.67,183.67,183.42,183.515,243084
2024-02-14 10:10:00,183.56,183.6701,183.5143,183.62,165739
2024-02-14 10:11:00,183.625,183.7801,183.625,183.72,116927
2024-02-14 10:12:00,183.715,183.77,183.62,183.74,83114
2024-02-14 10:13:00,183.77,183.8,183.69,183.715,75841
2024-02-14 10:14:00,183.71,183.775,183.6,183.605,81795
2024-02-14 10:15:00,183.607,183.73,183.59,183.73,102762
2024-02-14 10:16:00,183.735,183.92,183.7,183.91,115147
2024-02-14 10:17:00,183.91,184.04,183.91,184.0376,197130
2024-02-14 10:18:00,184.0399,184.066,183.9101,183.99,114015
2024-02-14 10:19:00,184.0,184.16,183.98,184.07,124703
2024-02-14 10:20:00,184.07,184.2324,184.035,184.21,114617
2024-02-14 10:21:00,184.2,184.27,184.13,184.2486,121009
2024-02-14 10:22:00,184.255,184.265,184.05,184.13,113937
2024-02-14 10:23:00,184.14,184.14,184.01,184.05,93921
2024-02-14 10:24:00,184.05,184.07,183.92,184.034,146863
2024-02-14 10:25:00,184.035,184.035,183.9,183.91,94601
2024-02-14 10:26:00,183.91,183.95,183.8,183.9,89593
2024-02-14 10:27:00,183.9012,183.97,183.84,183.87,96821
2024-02-14 10:28:00,183.885,183.95,183.75,183.7675,93141
2024-02-14 10:29:00,183.77,183.805,183.69,183.8,118125
2024-02-14 10:30:00,183.805,183.83,183.69,183.735,117105
2024-02-14 10:31:00,183.735,183.735,183.615,183.615,129892
2024-02-14 10:32:00,183.625,183.69,183.59,183.68,138069
2024-02-14 10:33:00,183.67,183.795,183.67,183.7039,107932
2024-02-14 10:34:00,183.705,183.7099,183.575,183.6367,124446
2024-02-14 10:35:00,183.63,183.6994,183.6,183.685,81727
2024-02-14 10:36:00,183.69,183.855,183.66,183.855,101765
2024-02-14 10:37:00,183.86,183.925,183.7602,183.875,160807
2024-02-14 10:38:00,183.875,183.93,183.8,183.83,103059
2024-02-14 10:39:00,183.835,183.9099,183.815,183.86,71367
2024-02-14 10:40:00,183.86,183.94,183.74,183.94,80087
2024-02-14 10:41:00,183.945,183.95,183.77,183.85,79095
2024-02-14 10:42:00,183.84,183.95,183.8311,183.915,76560
2024-02-14 10:43:00,183.915,183.96,183.725,183.735,101672
2024-02-14 10:44:00,183.7387,183.864,183.72,183.74,68395
2024-02-14 10:45:00,183.74,183.77,183.68,183.766,81351
2024-02-14 10:46:00,183.765,183.86,183.75,183.81,102463
2024-02-14 10:47:00,183.82,183.8587,183.76,183.81,73980
2024-02-14 10:48:00,183.82,183.8553,183.67,183.68,76001
2024-02-14 10:49:00,183.7099,183.79,183.64,183.76,51002
2024-02-14 10:50:00,183.765,183.8599,183.59,183.59,91216
2024-02-14 10:51:00,183.58,183.605,183.35,183.43,237116
2024-02-14 10:52:00,183.43,183.45,183.36,183.43,114089
2024-02-14 10:53:00,183.4283,183.46,183.36,183.4,83867
2024-02-14 10:54:00,183.39,183.39,183.11,183.2,266155
2024-02-14 10:55:00,183.1976,183.349,183.11,183.315,150912
2024-02-14 10:56:00,183.315,183.39,183.2411,183.295,96563
2024-02-14 10:57:00,183.295,183.39,183.23,183.2719,102819
2024-02-14 10:58:00,183.27,183.365,183.25,183.345,89421
2024-02-14 10:59:00,183.35,183.41,183.17,183.1801,124239
2024-02-14 11:00:00,183.185,183.185,182.89,182.9701,322176
2024-02-14 11:01:00,182.97,183.0475,182.8035,182.8599,159515
2024-02-14 11:02:00,182.855,183.02,182.82,183.005,135364
2024-02-14 11:03:00,183.0166,183.11,182.97,183.095,90204
2024-02-14 11:04:00,183.11,183.15,182.99,183.0,113841
2024-02-14 11:05:00,183.01,183.165,182.97,183.1307,116761
2024-02-14 11:06:00,183.13,183.23,183.08,183.22,62809
2024-02-14 11:07:00,183.215,183.355,183.204,183.3,91839
2024-02-14 11:08:00,183.29,183.32,183.22,183.285,52776
2024-02-14 11:09:00,183.28,183.33,183.175,183.185,61844
2024-02-14 11:10:00,183.18,183.23,183.105,183.225,90982
2024-02-14 11:11:00,183.23,183.29,183.17,183.22,79752
2024-02-14 11:12:00,183.22,183.2399,183.0814,183.12,98838
2024-02-14 11:13:00,183.11,183.2399,183.11,183.21,73832
2024-02-14 11:14:00,183.2181,183.24,182.99,183.01,114324
2024-02-14 11:15:00,183.005,183.08,182.95,182.975,99569
2024-02-14 11:16:00,182.975,183.205,182.96,183.2001,95741
2024-02-14 11:17:00,183.2,183.25,183.11,183.21,70666
2024-02-14 11:18:00,183.2102,183.28,183.195,183.265,67233
2024-02-14 11:19:00,183.27,183.365,183.24,183.2862,83708
2024-02-14 11:20:00,183.265,183.265,183.09,183.095,69026
2024-02-14 11:21:00,183.1,183.2,183.04,183.2,62355
2024-02-14 11:22:00,183.205,183.31,183.19,183.23,60821
2024-02-14 11:23:00,183.23,183.31,183.2101,183.255,66686
2024-02-14 11:24:00,183.26,183.49,183.255,183.485,118663
2024-02-14 11:25:00,183.4888,183.59,183.4825,183.52,157285
2024-02-14 11:26:00,183.5201,183.525,183.3886,183.42,64375
2024-02-14 11:27:00,183.4225,183.44,183.37,183.44,48242
2024-02-14 11:28:00,183.445,183.52,183.41,183.445,67368
2024-02-14 11:29:00,183.435,183.51,183.4,183.49,59124
2024-02-14 11:30:00,183.49,183.54,183.43,183.525,77859
2024-02-14 11:31:00,183.52,183.565,183.44,183.54,72901
2024-02-14 11:32:00,183.5547,183.56,183.48,183.545,53023
2024-02-14 11:33:00,183.5424,183.59,183.47,183.47,58280
2024-02-14 11:34:00,183.47,183.55,183.4,183.405,82679
2024-02-14 11:35:00,183.41,183.6,183.41,183.56,98712
2024-02-14 11:36:00,183.56,183.56,183.4417,183.46,84662
2024-02-14 11:37:00,183.46,183.555,183.46,183.535,41521
2024-02-14 11:38:00,183.5399,183.55,183.48,183.514,47868
2024-02-14 11:39:00,183.515,183.54,183.47,183.516,43653
2024-02-14 11:40:00,183.515,183.515,183.4227,183.51,35840
2024-02-14 11:41:00,183.515,183.58,183.47,183.475,53321
2024-02-14 11:42:00,183.475,183.503,183.42,183.486,57937
2024-02-14 11:43:00,183.48,183.48,183.21,183.235,117502
2024-02-14 11:44:00,183.24,183.37,183.22,183.23,56021
2024-02-14 11:45:00,183.235,183.32,183.2001,183.32,53198
2024-02-14 11:46:00,183.32,183.38,183.24,183.325,60918
2024-02-14 11:47:00,183.32,183.325,183.26,183.26,54522
2024-02-14 11:48:00,183.265,183.305,183.2,183.225,63192
2024-02-14 11:49:00,183.225,183.235,183.17,183.194,45331
2024-02-14 11:50:00,183.19,183.2,183.0902,183.125,81703
2024-02-14 11:51:00,183.1297,183.13,183.082,183.105,69152
2024-02-14 11:52:00,183.1,183.16,183.07,183.095,73925
2024-02-14 11:53:00,183.096,183.12,183.0419,183.06,59785
2024-02-14 11:54:00,183.0671,183.235,183.06,183.1567,79274
2024-02-14 11:55:00,183.16,183.2199,183.08,183.135,44915
2024-02-14 11:56:00,183.1347,183.14,183.07,183.13,60937
2024-02-14 11:57:00,183.125,183.125,182.93,183.0199,120306
2024-02-14 11:58:00,183.02,183.11,183.0,183.0368,56839
2024-02-14 11:59:00,183.035,183.035,182.97,182.995,82172
2024-02-14 12:00:00,183.0,183.015,182.87,182.88,91252
2024-02-14 12:01:00,182.88,182.94,182.82,182.835,73691
2024-02-14 12:02:00,182.835,182.835,182.67,182.6936,136089
2024-02-14 12:03:00,182.695,182.83,182.66,182.7124,149961
2024-02-14 12:04:00,182.745,182.745,182.67,182.69,79448
2024-02-14 12:05:00,182.68,182.7099,182.59,182.61,132940
2024-02-14 12:06:00,182.6,182.698,182.51,182.6923,113717
2024-02-14 12:07:00,182.695,182.78,182.655,182.665,72129
2024-02-14 12:08:00,182.66,182.7,182.645,182.69,57458
2024-02-14 12:09:00,182.68,182.7,182.655,182.66,74497
2024-02-14 12:10:00,182.66,182.78,182.66,182.7564,61972
2024-02-14 12:11:00,182.76,182.79,182.69,182.79,72551
2024-02-14 12:12:00,182.78,182.82,182.724,182.79,53898
2024-02-14 12:13:00,182.7899,182.8261,182.745,182.7471,45645
2024-02-14 12:14:00,182.745,182.7517,182.685,182.695,48994
2024-02-14 12:15:00,182.69,182.71,182.64,182.6572,89735
2024-02-14 12:16:00,182.66,182.83,182.655,182.815,77168
2024-02-14 12:17:00,182.825,182.83,182.75,182.785,75557
2024-02-14 12:18:00,182.78,182.78,182.67,182.685,76782
2024-02-14 12:19:00,182.6801,182.73,182.672,182.69,71263
2024-02-14 12:20:00,182.6841,182.71,182.58,182.6,80352
2024-02-14 12:21:00,182.58,182.595,182.55,182.59,65352
2024-02-14 12:22:00,182.58,182.66,182.58,182.635,41399
2024-02-14 12:23:00,182.6303,182.7001,182.62,182.7001,47634
2024-02-14 12:24:00,182.7061,182.7061,182.605,182.61,56822
2024-02-14 12:25:00,182.6,182.64,182.595,182.6086,48241
2024-02-14 12:26:00,182.605,182.7,182.6038,182.7,43157
2024-02-14 12:27:00,182.6908,182.695,182.61,182.64,45354
2024-02-14 12:28:00,182.635,182.7,182.6016,182.68,56829
2024-02-14 12:29:00,182.68,182.825,182.68,182.8,111314
2024-02-14 12:30:00,182.8,182.84,182.74,182.795,55570
2024-02-14 12:31:00,182.796,182.89,182.7912,182.8599,87929
2024-02-14 12:32:00,182.86,182.895,182.813,182.86,60868
2024-02-14 12:33:00,182.8599,182.87,182.794,182.8501,41895
2024-02-14 12:34:00,182.844,182.914,182.844,182.89,59858
2024-02-14 12:35:00,182.885,182.9274,182.815,182.886,81296
2024-02-14 12:36:00,182.89,182.895,182.755,182.765,45307
2024-02-14 12:37:00,182.7633,182.785,182.73,182.77,61812
2024-02-14 12:38:00,182.765,182.8,182.7312,182.735,31721
2024-02-14 12:39:00,182.73,182.7499,182.68,182.68,36971
2024-02-14 12:40:00,182.6712,182.695,182.62,182.6613,45732
2024-02-14 12:41:00,182.66,182.66,182.55,182.55,61176
2024-02-14 12:42:00,182.555,182.6794,182.5526,182.62,76271
2024-02-14 12:43:00,182.625,182.715,182.6,182.685,60204
2024-02-14 12:44:00,182.68,182.685,182.635,182.68,30452
2024-02-14 12:45:00,182.69,182.73,182.655,182.716,30291
2024-02-14 12:46:00,182.71,182.715,182.605,182.63,43032
2024-02-14 12:47:00,182.635,182.76,182.635,182.74,56214
2024-02-14 12:48:00,182.735,182.77,182.705,182.7413,48521
2024-02-14 12:49:00,182.745,182.745,182.65,182.6873,68955
2024-02-14 12:50:00,182.6885,182.7335,182.655,182.66,44300
2024-02-14 12:51:00,182.66,182.6899,182.65,182.665,44782
2024-02-14 12:52:00,182.66,182.675,182.63,182.66,44360
2024-02-14 12:53:00,182.6641,182.665,182.605,182.63,53129
2024-02-14 12:54:00,182.6327,182.69,182.6327,182.6621,52483
2024-02-14 12:55:00,182.665,182.74,182.665,182.7093,58695
2024-02-14 12:56:00,182.7,182.705,182.635,182.655,66637
2024-02-14 12:57:00,182.66,182.69,182.6226,182.685,47200
2024-02-14 12:58:00,182.69,182.76,182.685,182.7101,55743
2024-02-14 12:59:00,182.7115,182.735,182.695,182.715,46356
2024-02-14 13:00:00,182.72,182.7283,182.63,182.6426,40509
2024-02-14 13:01:00,182.65,182.73,182.64,182.67,39889
2024-02-14 13:02:00,182.68,182.69,182.62,182.6421,40084
2024-02-14 13:03:00,182.645,182.7675,182.635,182.765,76939
2024-02-14 13:04:00,182.7602,182.886,182.76,182.835,110860
2024-02-14 13:05:00,182.8345,182.865,182.76,182.76,48169
2024-02-14 13:06:00,182.7608,182.8395,182.725,182.834,39775
2024-02-14 13:07:00,182.825,182.83,182.7301,182.7385,46345
2024-02-14 13:08:00,182.7399,182.806,182.735,182.805,44775
2024-02-14 13:09:00,182.8,182.8,182.62,182.625,72438
2024-02-14 13:10:00,182.62,182.635,182.46,182.535,187066
2024-02-14 13:11:00,182.54,182.62,182.53,182.615,57350
2024-02-14 13:12:00,182.62,182.695,182.6,182.61,52406
2024-02-14 13:13:00,182.605,182.605,182.47,182.514,75524
2024-02-14 13:14:00,182.515,182.56,182.5029,182.55,58612
2024-02-14 13:15:00,182.57,182.57,182.48,182.54,60963
2024-02-14 13:16:00,182.555,182.5799,182.48,182.57,71503
2024-02-14 13:17:00,182.575,182.64,182.5301,182.61,48994
2024-02-14 13:18:00,182.605,182.605,182.5,182.52,51298
2024-02-14 13:19:00,182.53,182.5598,182.4501,182.46,46633
2024-02-14 13:20:00,182.46,182.5,182.46,182.49,56166
2024-02-14 13:21:00,182.5,182.56,182.48,182.48,65915
2024-02-14 13:22:00,182.49,182.64,182.49,182.59,69637
2024-02-14 13:23:00,182.59,182.605,182.445,182.445,70701
2024-02-14 13:24:00,182.45,182.5098,182.44,182.48,65633
2024-02-14 13:25:00,182.49,182.57,182.47,182.56,61160
2024-02-14 13:26:00,182.5601,182.6183,182.55,182.61,52209
2024-02-14 13:27:00,182.61,182.63,182.505,182.52,48100
2024-02-14 13:28:00,182.525,182.5897,182.52,182.53,43829
2024-02-14 13:29:00,182.5325,182.57,182.53,182.57,27378
2024-02-14 13:30:00,182.58,182.6,182.53,182.57,53163
2024-02-14 13:31:00,182.565,182.66,182.545,182.625,40338
2024-02-14 13:32:00,182.625,182.74,182.602,182.74,50868
2024-02-14 13:33:00,182.74,182.745,182.67,182.7191,63164
2024-02-14 13:34:00,182.71,182.85,182.7,182.81,72611
2024-02-14 13:35:00,182.825,182.93,182.825,182.915,97092
2024-02-14 13:36:00,182.915,183.035,182.9103,183.025,128611
2024-02-14 13:37:00,183.02,183.084,182.985,183.08,77958
2024-02-14 13:38:00,183.09,183.14,183.08,183.105,92732
2024-02-14 13:39:00,183.09,183.1097,183.06,183.07,38443
2024-02-14 13:40:00,183.07,183.16,183.05,183.06,80120
2024-02-14 13:41:00,183.068,183.0898,182.9628,183.025,61894
2024-02-14 13:42:00,183.02,183.02,182.905,182.905,50681
2024-02-14 13:43:00,182.9079,182.95,182.89,182.9069,43548
2024-02-14 13:44:00,182.9,182.9103,182.845,182.9,48439
2024-02-14 13:45:00,182.89,182.945,182.885,182.913,38469
2024-02-14 13:46:00,182.91,182.96,182.86,182.959,25964
2024-02-14 13:47:00,182.9597,182.965,182.925,182.95,37156
2024-02-14 13:48:00,182.9411,182.96,182.91,182.935,20147
2024-02-14 13:49:00,182.94,182.96,182.92,182.93,24082
2024-02-14 13:50:00,182.93,182.995,182.93,182.985,49442
2024-02-14 13:51:00,182.985,183.03,182.955,182.985,39775
2024-02-14 13:52:00,182.985,183.035,182.9803,183.0099,31989
2024-02-14 13:53:00,183.01,183.02,182.97,183.015,33416
2024-02-14 13:54:00,183.012,183.015,182.95,182.985,35264
2024-02-14 13:55:00,182.98,182.99,182.95,182.965,32214
2024-02-14 13:56:00,182.964,182.97,182.81,182.85,95576
2024-02-14 13:57:00,182.86,182.925,182.85,182.91,43595
2024-02-14 13:58:00,182.915,182.98,182.87,182.9501,36576
2024-02-14 13:59:00,182.95,182.955,182.91,182.95,56493
2024-02-14 14:00:00,182.95,182.996,182.93,182.98,40621
2024-02-14 14:01:00,182.99,182.99,182.88,182.89,62886
2024-02-14 14:02:00,182.895,182.955,182.89,182.9099,30839
2024-02-14 14:03:00,182.905,182.96,182.9,182.915,30717
2024-02-14 14:04:00,182.92,182.9298,182.81,182.816,70422
2024-02-14 14:05:00,182.815,182.8199,182.58,182.6,173818
2024-02-14 14:06:00,182.6,182.6561,182.49,182.645,100979
2024-02-14 14:07:00,182.652,182.7,182.605,182.655,88789
2024-02-14 14:08:00,182.645,182.6629,182.52,182.63,54709
2024-02-14 14:09:00,182.62,182.686,182.5597,182.5824,61860
2024-02-14 14:10:00,182.59,182.64,182.58,182.58,28774
2024-02-14 14:11:00,182.575,182.67,182.57,182.654,34491
2024-02-14 14:12:00,182.6501,182.77,182.6297,182.765,64906
2024-02-14 14:13:00,182.77,182.87,182.755,182.8526,61963
2024-02-14 14:14:00,182.85,182.85,182.7756,182.81,65015
2024-02-14 14:15:00,182.795,182.885,182.78,182.81,37947
2024-02-14 14:16:00,182.81,182.85,182.77,182.7896,34341
2024-02-14 14:17:00,182.79,182.855,182.765,182.85,41439
2024-02-14 14:18:00,182.86,182.9,182.85,182.88,66339
2024-02-14 14:19:00,182.87,182.89,182.76,182.77,61539
2024-02-14 14:20:00,182.77,182.91,182.77,182.91,40468
2024-02-14 14:21:00,182.91,182.99,182.91,182.975,38222
2024-02-14 14:22:00,182.97,183.02,182.9276,182.985,66753
2024-02-14 14:23:00,182.99,182.99,182.92,182.975,31342
2024-02-14 14:24:00,182.97,182.975,182.94,182.96,37473
2024-02-14 14:25:00,182.965,183.05,182.95,183.02,45286
2024-02-14 14:26:00,183.02,183.07,182.98,183.035,36087
2024-02-14 14:27:00,183.045,183.1,183.04,183.085,41933
2024-02-14 14:28:00,183.085,183.1499,183.08,183.136,60013
2024-02-14 14:29:00,183.15,183.19,183.13,183.15,66299
2024-02-14 14:30:00,183.16,183.1758,183.12,183.13,58157
2024-02-14 14:31:00,183.13,183.165,183.11,183.12,47452
2024-02-14 14:32:00,183.13,183.15,183.04,183.05,97899
2024-02-14 14:33:00,183.06,183.085,183.0,183.08,46155
2024-02-14 14:34:00,183.09,183.15,183.085,183.095,36536
2024-02-14 14:35:00,183.1,183.115,183.04,183.08,65498
2024-02-14 14:36:00,183.07,183.075,183.03,183.0324,35617
2024-02-14 14:37:00,183.04,183.16,183.04,183.14,65582
2024-02-14 14:38:00,183.14,183.19,183.04,183.106,79184
2024-02-14 14:39:00,183.11,183.135,183.05,183.055,42645
2024-02-14 14:40:00,183.0545,183.07,183.01,183.06,42475
2024-02-14 14:41:00,183.0692,183.08,182.9714,182.975,55077
2024-02-14 14:42:00,182.98,183.07,182.9741,183.065,56680
2024-02-14 14:43:00,183.07,183.08,183.02,183.06,44105
2024-02-14 14:44:00,183.07,183.08,183.04,183.07,52402
2024-02-14 14:45:00,183.07,183.086,182.97,182.995,63126
2024-02-14 14:46:00,183.0,183.17,183.0,183.162,62549
2024-02-14 14:47:00,183.17,183.21,183.16,183.17,67277
2024-02-14 14:48:00,183.17,183.17,183.05,183.135,52137
2024-02-14 14:49:00,183.14,183.156,183.11,183.14,34196
2024-02-14 14:50:00,183.1431,183.1431,183.06,183.08,60113
2024-02-14 14:51:00,183.09,183.1,182.97,182.985,54279
2024-02-14 14:52:00,182.985,182.995,182.91,182.915,62182
2024-02-14 14:53:00,182.915,182.965,182.9,182.96,58863
2024-02-14 14:54:00,182.965,182.99,182.9601,182.97,63431
2024-02-14 14:55:00,182.98,182.9923,182.81,182.85,87138
2024-02-14 14:56:00,182.845,182.9999,182.82,182.9898,60176
2024-02-14 14:57:00,182.99,182.99,182.94,182.9619,51499
2024-02-14 14:58:00,182.9601,182.97,182.855,182.89,61760
2024-02-14 14:59:00,182.89,182.95,182.89,182.9176,37329
2024-02-14 15:00:00,182.92,183.03,182.915,182.94,106649
2024-02-14 15:01:00,182.94,182.975,182.83,182.9302,92968
2024-02-14 15:02:00,182.93,183.0,182.865,182.9716,78389
2024-02-14 15:03:00,182.96,183.02,182.92,182.965,74103
2024-02-14 15:04:00,182.96,183.07,182.93,183.06,64177
2024-02-14 15:05:00,183.06,183.1,183.05,183.0827,48873
2024-02-14 15:06:00,183.095,183.14,183.08,183.112,65157
2024-02-14 15:07:00,183.11,183.1695,183.04,183.06,61389
2024-02-14 15:08:00,183.0555,183.13,183.0501,183.13,38966
2024-02-14 15:09:00,183.13,183.18,183.115,183.145,64683
2024-02-14 15:10:00,183.145,183.145,183.07,183.095,69137
2024-02-14 15:11:00,183.09,183.15,183.04,183.12,62236
2024-02-14 15:12:00,183.12,183.15,183.075,183.09,38152
2024-02-14 15:13:00,183.105,183.155,183.1,183.14,44055
2024-02-14 15:14:00,183.13,183.14,183.03,183.08,58011
2024-02-14 15:15:00,183.095,183.1599,183.07,183.1501,37965
2024-02-14 15:16:00,183.15,183.19,183.12,183.1691,50503
2024-02-14 15:17:00,183.165,183.25,183.1501,183.21,100577
2024-02-14 15:18:00,183.215,183.225,183.11,183.225,57461
2024-02-14 15:19:00,183.225,183.25,183.2,183.21,56272
2024-02-14 15:20:00,183.21,183.2695,183.21,183.245,48663
2024-02-14 15:21:00,183.245,183.255,183.21,183.235,65330
2024-02-14 15:22:00,183.245,183.292,183.235,183.292,82170
2024-02-14 15:23:00,183.2921,183.33,183.27,183.305,71512
2024-02-14 15:24:00,183.31,183.325,183.26,183.275,62556
2024-02-14 15:25:00,183.27,183.38,183.2601,183.37,62397
2024-02-14 15:26:00,183.37,183.47,183.36,183.44,118243
2024-02-14 15:27:00,183.435,183.56,183.435,183.54,119099
2024-02-14 15:28:00,183.54,183.55,183.5,183.5499,48774
2024-02-14 15:29:00,183.54,183.55,183.51,183.525,59957
2024-02-14 15:30:00,183.53,183.61,183.43,183.43,127103
2024-02-14 15:31:00,183.43,183.61,183.4245,183.535,181146
2024-02-14 15:32:00,183.53,183.57,183.505,183.55,73829
2024-02-14 15:33:00,183.55,183.56,183.51,183.535,46892
2024-02-14 15:34:00,183.535,183.585,183.505,183.585,80362
2024-02-14 15:35:00,183.584,183.64,183.575,183.62,105257
2024-02-14 15:36:00,183.62,183.685,183.59,183.66,128743
2024-02-14 15:37:00,183.655,183.725,183.64,183.715,81459
2024-02-14 15:38:00,183.71,183.75,183.68,183.73,76113
2024-02-14 15:39:00,183.74,183.88,183.74,183.8536,111975
2024-02-14 15:40:00,183.8551,183.95,183.845,183.9,124588
2024-02-14 15:41:00,183.9,183.9,183.78,183.8201,109307
2024-02-14 15:42:00,183.825,183.8584,183.79,183.844,90274
2024-02-14 15:43:00,183.8479,183.95,183.845,183.93,92451
2024-02-14 15:44:00,183.9345,183.935,183.8,183.85,138185
2024-02-14 15:45:00,183.845,183.935,183.8,183.9301,110170
2024-02-14 15:46:00,183.93,183.95,183.88,183.945,71496
2024-02-14 15:47:00,183.945,184.02,183.935,184.015,138290
2024-02-14 15:48:00,184.015,184.015,183.9,183.94,80276
2024-02-14 15:49:00,183.93,183.95,183.83,183.9354,128730
2024-02-14 15:50:00,183.93,184.0,183.895,183.98,138673
2024-02-14 15:51:00,183.99,184.015,183.86,183.8626,124318
2024-02-14 15:52:00,183.87,183.89,183.8,183.855,136451
2024-02-14 15:53:00,183.855,183.855,183.73,183.78,119999
2024-02-14 15:54:00,183.78,183.91,183.73,183.76,182073
2024-02-14 15:55:00,183.76,183.98,183.76,183.969,310271
2024-02-14 15:56:00,183.97,184.03,183.79,183.895,290719
2024-02-14 15:57:00,183.89,184.03,183.89,184.0211,266950
2024-02-14 15:58:00,184.03,184.1,184.01,184.075,396922
2024-02-14 15:59:00,184.07,184.27,183.87,184.055,6401788
